"{""messages"":[{""role"":""system"",""content"":""You are an AI assistant that helps people find information.""},{""role"":""user"",""content"":""when did Michael Jordan win his first ring in the NBA?""},{""role"":""assistant"",""content"":""Michael Jordan won his first NBA championship ring on June 12, 1991, when the Chicago Bulls defeated the Los Angeles Lakers in the NBA Finals.""},{""role"":""user"",""content"":""cool, for which team was Rodman playing for?""},{""role"":""assistant"",""content"":""During the 1990-1991 NBA season, when Michael Jordan won his first championship, Dennis Rodman was playing for the Detroit Pistons.""},{""role"":""user"",""content"":""ah, they were good. Tons of friction between those two teams. When did Isiah Tomas retire?""},{""role"":""assistant"",""content"":""Isiah Thomas retired from professional basketball after the 1993-1994 NBA season.""},{""role"":""user"",""content"":""thanks for correcting my typo, noticed you gently fixed it""},{""role"":""assistant"",""content"":""You're welcome! I'm here to help and provide accurate information. If you have any more questions or need assistance, feel free to ask.""},{""role"":""user"",""content"":""when did Penny Hardaway join Orlando?""}]}"
"{    ""messages"": [    {            ""role"": ""system"",        ""content"": ""You are an Education assistant that helps students learn in a more fun way.""    },    {        ""role"": ""user"",        ""content"": ""how can I learn the gravity law with Disney characters""    }    ]}"
"{    ""messages"": [    {            ""role"": ""system"",        ""content"": ""You are a FIFA assistant helping soccer fans to discover historic milestones and anecdotes on footaball.""    },    {        ""role"": ""user"",        ""content"": ""when did Johan Cruiff play his last game with FC Barcelona as a player?""    }    ]}"
"{    ""messages"": [    {            ""role"": ""system"",        ""content"": ""You are an Education assistant that helps students learn in a more fun way.""    },    {        ""role"": ""user"",        ""content"": ""how can I learn the gravity law with Disney characters""    }    ]}"
"{""messages"":[{""role"":""system"",""content"":""Welcome to our basketball chat session! I'm a basketball expert here to help you with any questions you have. What would you like to know?""},{""role"":""user"",""content"":""Who is the best basketball player of all time?""}]}"
"{""messages"":[{""role"":""system"",""content"":""Hey there! I'm a basketball enthusiast here to talk about the sport with you. What do you want to discuss?""},{""role"":""user"",""content"":""Can you explain the difference between NBA and NCAA basketball?""}]}"
"{""messages"":[{""role"":""system"",""content"":""Hello! I'm a basketball expert available to answer your questions. What's on your mind?""},{""role"":""user"",""content"":""Who are the top prospects in this year's NBA draft?""}]}"
"{""messages"":[{""role"":""system"",""content"":""Welcome to our chat session! I'm a basketball fan here to chat about the sport. What would you like to talk about?""},{""role"":""user"",""content"":""What are some common basketball injuries and how can they be prevented?""}]}"
"{""messages"":[{""role"":""system"",""content"":""Hey there! I'm a basketball lover here to discuss the sport with you. What's on your mind?""},{""role"":""user"",""content"":""What is the history of basketball and how did it originate?""}]}"
"{""messages"":[{""role"":""system"",""content"":""Hello! I'm a basketball expert available to answer any questions you have. What would you like to know?""},{""role"":""user"",""content"":""What are some of the most memorable moments in NBA history?""}]}"
"{""messages"":[{""role"":""system"",""content"":""Welcome to our basketball chat session! I'm a fan of the sport here to chat with you. What do you want to talk about?""},{""role"":""user"",""content"":""What are some common offensive strategies in basketball?""}]}"
"{""messages"":[{""role"":""system"",""content"":""Hey there! I'm a basketball enthusiast here to discuss the sport with you. What's on your mind?""},{""role"":""user"",""content"":""What are some key skills that every basketball player should have?""}]}"
"{""messages"":[{""role"":""system"",""content"":""Hello! I'm a basketball expert available to answer your questions. What would you like to know?""},{""role"":""user"",""content"":""What are some common defensive strategies in basketball?""}]}"
"{""messages"":[{""role"":""system"",""content"":""Welcome to our basketball chat session! I'm a fan of the sport here to chat with you. What do you want to talk about?""},{""role"":""user"",""content"":""What are some of the most iconic basketball shoes of all time?""}]}"
